count,vocal
14,000
4,000mah
8,000đ
3,01
3,01f
3,01g
2,02
2,0270
2,02f
2,04
13,04d
3,04f
3,05
2,05d
3,05f
6,06
2,06e
2,075t
5,09
175,10
45,100
3,1000
2,10000
2,1000x
7,100k
4,100mb
2,102
2,1020
14,102p
2,1030
2,10400
2,10400mah
2,105
2,1050
65,1060
12,1070
9,1080
2,109
4,10g
6,10gb
2,10k
6,10m
2,10t
8,10tr
8,10xx
20,11
2,110
4,1100
2,1100mah
2,11gb
2,11tr
3,11xx
38,12
4,120
3,1200
2,120gb
1,1231
1,12580
2,128
7,1280
3,128g
7,128gb
1,129g
2,12c
1,12g
1,12gb
3,12h
4,12tr
1,12x
24,13
2,1300
1,13m
1,13mepixel
5,13mp
3,13tr
1,13tr5
10,14
1,140
1,1400
2,14000usd
2,1440p
2,144hz
3,149
2,1499
3,14tr
44,15
5,150
2,150k
2,150w
5,1520
2,15g
23,16
2,1600
2,16000
2,16200
6,16g
20,16gb
3,16h
4,16tb
2,16tr
12,17
2,175
2,17tr
15,18
4,1810
8,19
2,192
2,1920
2,1974
2,199
3,1a
11,1g
14,1gb
2,1kg
3,1năm
45,1s
2,1sim
2,1t
5,1tb
3,1tr
3,1tr3
2,1tr5
2,1tr8
26,20
6,200
4,2000
2,2000mah
4,2007
2,2009
4,200k
4,2010
8,2011
6,2012
6,2013
4,2014
14,2015
23,2016
3,2017
7,2018
2,20t
3,20tr
10,21
2,216
11,22
9,23
3,2300
2,23f1
21,24
2,240
2,24h
7,25
3,250
2,2500
3,250k
3,255s
7,256
2,25k
2,25m2
2,26
3,260
3,260x
6,27
2,2700
2,278
2,28
2,2a
14,2g
28,2gb
4,2h
14,2k
3,2m
3,2s
12,2tr
2,2tr9
3,2x
24,30
11,300
3,3000
2,3000ma
5,3000mah
6,300k
2,304sh
4,30p
22,32
4,32g
7,32gb
2,33
2,3300
3,34
15,35
2,3500
2,350k
2,35f1
5,35f2
8,36
21,360
2,36tb
2,38
2,38mm
5,399
12,3d
2,3dmark
55,3g
12,3gb
3,3gs
2,3h
3,3m
5,3s
7,3tr
3,3tr5
3,3x
20,40
7,400
5,400k
2,40k
2,41
5,42
5,43
4,430k
3,45
4,450
3,450k
2,46
39,460
2,47
9,470
3,48
20,480
4,49
2,490
2,4bg
2,4c
22,4g
16,4gb
2,4inch
33,4k
3,4m
21,4s
8,4tr
2,4tr2
5,4tr5
29,50
8,500
4,5000
4,500gb
6,500k
2,500mb
2,500usd
2,50k
4,50mm
2,510
8,512
2,512mb
2,515
8,520
2,5400rpm
13,55
2,5500
4,550k
2,55inch
2,575
2,58
2,5820k
7,5c
2,5d
2,5inch
2,5k
4,5m
2,5mp
3,5p
3,5plus
54,5s
2,5se
13,5tr
4,5v
14,60
2,600
6,6000
8,600k
3,620
2,625
3,630
3,6300
10,64
2,6400iso
5,64gb
8,65
2,650
2,652
2,66
13,69
3,690
2,6900k
2,6cm
4,6g
12,6gb
3,6h
2,6in
3,6plus
108,6s
10,6tr
9,70
2,7000
2,700k
8,70d
2,72
2,7200
10,730
4,75
12,750
2,750k
4,750ti
2,75w
2,76
2,7730
7,79
4,7d
9,7e
2,7edge
3,7tr
21,80
2,800
2,8000
2,800c
4,800k
2,808
2,80d
6,820
2,85
2,85584
3,87
2,8800
7,8g
17,8gb
3,8h
2,8k
3,8t
4,8tr
2,8tr1
3,8x
11,90
2,900k
2,920
2,925
6,930
40,950
9,950xl
14,960
2,9690
6,970
3,9700
3,9780
2,98
4,980
10,99
5,9900
2,990k
4,9tr
2,9xx
9,a5
15,a6
7,a6000
5,a7
3,a8
7,a9
3,a_ha
6,aa
2,aaa
3,about
2,ace
6,acer
14,active
2,activities
10,ad
9,add
2,admin
3,adroid
11,ae
3,afterburner
29,ah
206,ai
2,ai_bảo
2,ai_lại
2,ai_ngờ
19,air
9,ak
2,alien
6,alienware
2,all
2,alo
5,am
7,am_hiểu
6,amazon
2,amb4ccfg0
24,amd
5,amoled
5,amp
7,an
8,an_toàn
3,an_tâm
2,anandtech
10,and
2,andoid
23,androi
198,android
2,android_wear
2,ang
94,anh
31,anh_em
2,anh_trai
2,anh_ấy
6,anker
6,anti
2,antilost
2,antivirus
5,anywhere
3,ao
2,ap
2,api
5,apk
76,app
199,apple
7,apple_pay
6,apple_watch
2,applecare24h
2,applications
7,apps
2,arc
3,as
3,asuck
94,asus
4,at
2,at_t
2,au
2,audio
2,aukey
12,auto
3,avast
2,avg
57,aw
79,ba
11,bac
6,back
2,backplate
3,backup
2,bai
4,balo
34,ban
7,ban_ngày
8,ban_đêm
8,ban_đầu
11,band
5,bang
2,bank
36,bao
52,bao_giờ
3,bao_gồm
8,bao_lâu
38,bao_nhiêu
2,bao_quát
2,bao_xa
2,bars
11,bass
4,bat
12,bay
65,bb
13,bb10
3,bbos
2,bbry
4,ben
2,bench
3,benchmark
4,berry
4,best
3,beta
2,bgio
19,bh
38,bi
3,bia
2,bien
6,biet
6,bik
3,binh
9,bit
15,biê
3,biêt
18,biến
298,biết
2,biết_bao
4,biết_bao_nhiêu
4,biết_mấy
2,biết_đâu
3,biển
10,biểu_tượng
5,biệt
3,bkav
40,blackberry
2,blaze
11,blt
4,blue
3,bluethooth
72,bluetooth
2,bluros
3,blutoot
3,bn
26,bo
6,bo_mạch
8,board
2,boarding
5,body
2,boi
2,bokeh
3,bold
2,bom
2,bomphone
2,bon
2,bon_chen
8,bong
6,book
2,boomsound
2,boost
5,bose
22,box
33,bphone
2,brand
4,bro
3,broadwell
2,brushed
23,bt
2,bu
2,buc
2,buf
3,buff
19,build
2,bum
8,bung
2,buon
2,butterfly
23,buồn
3,buồn_cười
4,buổi
3,buổi_sáng
5,buộc
4,bx
4,bye
5,bà
2,bà_con
2,bà_xã
45,bài
25,bàn
31,bàn_phím
2,bàn_phím_vật_lý
5,bàn_tay
2,bàn_tán
2,bào
7,bá
11,bá_đạo
364,bác
8,bám
226,bán
3,bán_chạy
92,báo
21,báo_thức
12,bây
70,bây_giờ
4,bão_hòa
7,bèo
20,bé
2,bé_nhỏ
4,bé_tí
2,béo
4,bét_nhè
2,bê
111,bên
7,bên_cạnh
9,bình
2,bình_chọn
2,bình_cũ_rượu_mới
10,bình_dân
7,bình_luận
59,bình_thường
5,bít
3,bò
5,bó_tay
2,bóc
9,bóng
2,bóng_bẩy
5,bóp
7,bô
7,bù
2,bùn
15,bút
5,bă
4,băng
3,băng_thông
15,bơi
3,bơi_lội
3,bơm
2,bươ
42,bước
10,bước_đi
840,bạn
4,bạn_bè
3,bạn_gái
2,bả
177,bản
3,bản_chất
2,bản_gốc
5,bản_lề
8,bản_quyền
2,bản_sao
4,bản_sắc
22,bản_thân
22,bảng
62,bảo
97,bảo_hành
49,bảo_mật
8,bảo_thủ
7,bảo_vệ
10,bảo_đảm
45,bấm
3,bất
4,bất_cứ
4,bất_kì
3,bất_kỳ
4,bất_ngờ
21,bất_tiện
2,bấy_giờ
1,bần_nông
1,bầu
2,bầu_bầu
3,bẩn
1,bẫy
4,bậc
2,bận
1,bận_rộn
2,bận_tâm
43,bật
2,bật_tắt
3,bậy
5,bắn
18,bắp
1,bắp_tay
24,bắt
3,bắt_buộc
1,bắt_bẻ
8,bắt_chước
1,bắt_mắt
2,bắt_nét
1,bắt_tay
14,bắt_đầu
1,bắt_đầu_từ
200,bằng
1,bằng_chứng
1,bằng_không
3,bằng_được
1,bẻ
1,bẻ_khoá
1,bế
1,bế_tắc
1,bến
2,bết
1,bề
3,bề_mặt
4,bề_ngoài
71,bền
3,bền_bỉ
1,bền_vững
13,bể
1,bể_bơi
1,bển
6,bệnh
3,bệt
372,bị
1,bịnh
3,bọc
14,bọn
100,bỏ
7,bỏ_qua
1,bỏ_quá
1,bỏ_rơi
7,bỏ_túi
1,bỏng
2,bố
1,bố_con
4,bố_mẹ
2,bố_trí
1,bốc_hỏa
1,bốc_lửa
3,bối_cảnh
2,bối_rối
2,bốn
2,bồ
1,bồ_kết
17,bổ
6,bổ_sung
3,bổng
56,bộ
2,bộ_máy
37,bộ_nhớ
17,bộ_nhớ_trong
13,bớt
25,bởi
8,bởi_vì
3,bởi_vậy
12,bụi
5,bức
2,bừa
16,bữa
8,bự
7,bựa
7,bực
6,bực_mình
2,c4
2,c5
97,ca
7,cac
3,cach
3,cafe
24,cai
5,call
7,calo
2,calories
56,cam
2,cam_kết
2,camara
159,camera
1,camêra
5,can
4,can_thiệp
3,canada
4,cang
6,canh
1,cano
21,canon
206,cao
50,cao_cấp
1,cao_giá
1,cao_siêu
14,cao_su
3,cao_thế
1,cao_thủ
1,cao_tuổi
8,cap
1,carbon_pro
58,card
1,caro
7,case
1,casio
1,cat
4,cau
1,cay
1,cay_đắng
1,cc
1,ce
3,celeron
9,cell
1,cellphone
6,ceo
35,ch
19,cha
5,chac
21,chai
2,chan
3,charge
15,chat
13,chay
9,che
17,check
61,chi
11,chi_phí
20,chi_tiết
9,chia
18,chia_sẻ
6,chia_tay
43,china
6,chinh
60,chip
3,chit
8,chiê
4,chiêu
121,chiếc
10,chiếm
2,chiếm_lĩnh
9,chiến
5,chiến_lược
7,chiếu
15,chiều
2,chn
810,cho
10,cho_biết
10,cho_dù
2,cho_hay
4,cho_nên
17,cho_phép
3,cho_qua
6,cho_rồi
15,cho_đến
6,choi
2,choice
8,chon
2,chplay
5,chrome
19,chu
2,chu_đáo
15,chua
2,chuan
2,chuc
34,chung
12,chup
6,chuyê
19,chuyên
2,chuyên_dùng
3,chuyên_dụng
3,chuyên_gia
5,chuyên_môn
7,chuyên_nghiệp
3,chuyến
72,chuyển
2,chuyển_hướng
3,chuyển_phát
7,chuyển_đổi
6,chuyển_động
22,chuyện
3,chuâ
2,chuôi
9,chuông
63,chuẩn
17,chuẩn_bị
2,chuẩn_xác
10,chuối
9,chuộng
64,chuột
3,chà
2,chài
4,chào
2,chào_mừng
2,chào_đón
103,chán
39,chát
3,cháu
19,cháy
10,châ
37,chân
2,chân_chính
4,chân_dung
2,chân_thành
4,chân_thật
2,châu_á
2,châu_âu
12,chém
2,chén
67,chê
5,chê_bai
2,chê_ỏng_chê_eo
4,chênh
7,chênh_lệch
5,chìm
4,chín
107,chính
2,chính_sách
12,chính_thức
26,chính_xác
6,chíp
2,chít
2,chó
5,chói
2,chót
4,chô
2,chùi
8,chú
3,chú_trọng
7,chú_ý
4,chúa
14,chúc
6,chúc_mừng
6,chúng
32,chúng_ta
8,chúng_tôi
44,chút
6,chút_xíu
13,chă
2,chăc
2,chăm
7,chăm_sóc
2,chăn
12,chăng
2,chơ
151,chơi
15,chư
389,chưa
6,chưa_thể
7,chương_trình
2,chưởng
21,chạm
2,chạnh_lòng
225,chạy
2,chạy_win
14,chạy_đua
136,chả
11,chảnh
3,chảo
3,chảy
13,chấm
2,chấm_hết
2,chấp
21,chấp_nhận
56,chất
9,chất_liệu
137,chất_lượng
2,chất_lỏng
5,chất_xám
64,chậm
3,chậm_chạp
7,chập_chờn
2,chật
2,chậy
229,chắc
39,chắc_chắn
2,chắn
2,chẳn
108,chẳng
7,chẳng_hạn
3,chẳng_lẽ
2,chẳng_qua
2,chẳng_thể
2,chẹp
7,chế
35,chế_độ
42,chết
4,chết_yểu
608,chỉ
4,chỉ_số
8,chỉ_được_cái
34,chỉnh
6,chỉnh_sửa
9,chị
2,chị_em
41,chịu
10,chịu_khó
2,chọc
115,chọn
2,chọt
72,chống
4,chốt
3,chồng
6,chổ
52,chỗ
4,chớ
6,chớp
2,chớp_chớp
71,chờ
2,chờ_note
8,chờ_đợi
7,chợ
22,chục
4,chục_triệu
229,chụp
17,chủ
2,chủ_nhân
5,chủ_quan
19,chủ_yếu
2,chủ_động
282,chứ
2,chứa
81,chức_năng
2,chứng_tỏ
13,chừng
2,chửi
24,chữ
3,chữa
8,classic
2,clear
4,click
10,clip
5,cloud
10,cm
4,cmn
10,cmt
137,co
4,cod
5,code
51,coi
5,coi_chừng
36,com
10,comment
2,compact
828,con
5,con_gái
6,con_người
2,con_nít
5,con_số
2,concept
3,conect
43,cong
13,connect
8,console
7,continuum
2,converter
3,cook
9,copy
15,core
20,cpu
2,crash
5,crop
7,cty
85,cu
28,cua
3,cuahangtcs
4,cuc
2,cuda
3,cug
2,cui
38,cung
3,cung_cấp
3,cus
13,custom
2,cuô
24,cuối
19,cuối_cùng
2,cuốn
3,cuốn_hút
17,cuồng
5,cuộc
53,cuộc_gọi
8,cuộc_sống
2,cuộn
2,cv
6,cyanogen
2,cà
91,cài
20,cài_đặt
69,càng
13,càng_ngày_càng
3,cành
3,cào
4,cày
31,cá_nhân
4,cá_tính
573,các
92,cách
2,cách_tân
1013,cái
2,cái_thế
2,cái_trò
9,cám_ơn
3,cánh_quạt
4,cáo
3,cáp
3,cát
36,câ
2,cân
2,cân_bằng
10,cân_nhắc
2,cân_xứng
7,cân_đối
18,câu
6,câu_hỏi
14,cây
5,cây_bút
4,cãi
3,cò
640,còn
1718,có
4,có_chăng
3,có_của
20,có_giá
16,có_khi
33,có_lẽ
4,có_mặt
3,có_nghĩa
213,có_thể
11,có_tiếng
59,có_vẻ
3,có_ích
16,có_điều
4,cóc
8,cô
13,công
6,công_bằng
12,công_bố
2,công_cộng
2,công_cụ
153,công_nghệ
6,công_nghệ_cao
2,công_nhân
40,công_nhận
9,công_suất
18,công_ty
27,công_việc
4,cõ
44,cùi
63,cùng
3,cùng_với
5,cú
4,că
2,căn
8,căng
81,cũ
2,cũ_kỹ
2,cũ_rích
4,cũg
994,cũng
27,cũng_như
5,cũng_nên
18,cơ
28,cơ_bản
9,cơ_hội
24,cơ_mà
2,cơ_sở
2,cơ_thể
4,cơ_động
2,cơm
2,cơn_sốt
9,cư
9,cưới
3,cướp_giật
3,cười
12,cường_lực
2,cường_độ
2,cưỡng
11,cạch
16,cạn
4,cạn_kiệt
19,cạnh
15,cạnh_tranh
306,cả
3,cải
18,cải_thiện
19,cải_tiến
4,cảm
47,cảm_biến
57,cảm_giác
24,cảm_nhận
43,cảm_thấy
5,cảm_tình
2,cảm_tưởng
2,cảm_xúc
9,cảm_ơn
64,cảm_ứng
4,cản
8,cảnh
4,cảnh_báo
2,cảnh_giác
2,cấm
6,cấn
15,cấp
3,cất
162,cấu_hình
3,cấu_trúc
2,cấu_tạo
75,cầm
223,cần
16,cần_thiết
2,cần_thơ
9,cẩn_thận
2,cẩu_thả
4,cận
2,cập
35,cập_nhật
2,cậu
55,cắm
3,cắn
2,cắn_răng
2,cắt_giảm
6,cặp
13,cố
8,cố_gắng
2,cố_ý
2,cốp
3,cốt_lõi
7,cồng_kềnh
8,cổ
4,cổ_phiếu
10,cổ_tay
2,cổ_điển
27,cổng
10,cộng
2,cộng_đồng
27,cỡ
5,cụ
10,cụ_thể
50,cục
4,cụm
49,củ
1170,của
2,của_nợ
13,củng
182,cứ
2,cứ_thế
13,cứng
3,cứng_cáp
4,cứu
3,cử_chỉ
16,cửa
24,cửa_hàng
50,cực
2,cực_hình
8,cực_kì
12,cực_kỳ
2,d7200
30,da
3,dac
3,dag
21,dang
5,danh
3,danh_bạ
2,danh_hiệu
4,danh_sách
2,danh_tiếng
4,dao_động
2,dat
4,data
9,dau
9,day
90,dc
2,ddr3
4,ddr4
14,de
2,defender
3,delay
3,delete
19,dell
2,dell_ultrasharp
3,deluxe
4,dem
4,demo
7,den
6,deo
22,dep
2,designing
2,detail
2,detect
13,dfit
13,di
12,di_chuyển
18,di_động
2,dido
2,die
2,diem
3,dien
2,dieu
5,digital
4,dinh
6,directx
2,displayport
3,diê
8,diễn_đàn
3,diện_tích
3,diệt
2,diệu
4,dk
7,dl
3,dl1
144,do
4,do_vậy
5,do_đó
5,doanh_nghiệp
3,doanh_nhân
14,doanh_số
4,doanh_thu
5,doc
9,docomo
9,doi
9,dong
3,donge
5,doom
2,dota
4,double
5,down
9,download
5,drive
9,driver
4,drm
4,dslr
47,dt
2,dtdd
49,du
5,du_lịch
13,dual
59,dung
47,dung_lượng
16,duoc
2,duy
12,duy_nhất
3,duy_trì
5,duyệt
2,dvi
22,dx
27,dài
2,dài_dài
17,dàn
37,dành
2,dành_dụm
32,dày
2,dày_đặc
28,dám
25,dán
7,dáng
4,dâ
24,dân
2,dân_số
2,dâu
68,dây
2,dây_nhợ
5,dã_man
3,dãi
4,dãy
2,dè
10,dép
3,dê
11,dìm
4,dí
23,dính
2,dò_tìm
260,dòng
4,dòng_note
2,dô
56,dù
2,dù_cho
5,dù_sao
7,dùm
1102,dùng
4,dăm
6,dĩ_nhiên
4,dơ
29,dư
2,dư_luận
4,dư_thừa
4,dưng
2,dươ
5,dương
68,dưới
6,dạ
10,dại
13,dạng
5,dạo
11,dải
5,dấu
3,dấu_chấm
3,dấu_hiệu
14,dần
5,dầy
2,dầy_cộp
11,dẫn
4,dẫn_đầu
5,dậm
4,dập
10,dậy
3,dẹp
3,dẻo
2,dẽo
81,dễ
4,dễ_chịu
7,dễ_dàng
2,dễ_thở
3,dị
3,dị_ứng
4,dịch
10,dịch_vụ
2,dịp
4,dọc
4,dỏm
2,dốc
2,dốt
2,dồn
12,dở
2,dở_dở_ương_ương
6,dở_hơi
3,dụ
3,dụng
14,dừng
12,dữ
21,dữ_liệu
10,dự
4,dự_báo
4,dự_kiến
15,dự_phòng
2,dự_đoán
4,dựa
2,dực
15,dựng
2,easiest
2,ebay
2,eco
2,econavi
31,edge
3,edit
4,egde
2,elite
4,eluga
627,em
3,em_trai
7,email
4,emmc
2,en
2,end
2,engine
2,entry
2,eo_hẹp
2,event
2,everyone
2,exe
2,express
2,f02g
2,f04g
2,f06e
3,f1
2,f2
2,fab
17,facebook
2,facetime
7,fai
2,fail
8,fake
3,fallout
48,fan
2,fan_stop
3,fans
3,fansam
2,fast
19,fb
2,feature
5,ff
2,fibit
2,fiio
26,file
3,files
4,film
4,fim
2,find
10,firmware
8,fit
12,fitbit
2,fitness
13,fix
11,flagship
9,flash
2,flickr
2,flipboard
2,focus
5,font
2,for
2,force
2,form
16,fps
5,fpt
13,free
3,free_ram
2,from
4,fu
46,fuji
7,fujitsu
42,full
3,fullframe
6,fullhd
3,fw
2,fxaa
5,fải
2,fần
21,g1
8,g2
8,g3
28,g4
8,g5
2,g500
2,g502
2,g9
4,ga
31,galaxy
2,galaxy_note
2,gam
139,game
4,gamer
9,games
30,gaming
6,gan
5,garmin
3,gato
43,gb
10,gear
5,geforce
3,genius
5,genk
3,getaway
4,gg
2,ggplay
5,ghe
39,ghi
4,ghi_nhận
3,ghi_âm
2,ghiên
2,ghiền
2,ghost
9,ghz
2,ghé
6,ghép
28,ghét
35,ghê
2,ghê_gớm
2,ghẻ
23,gi
48,gia
9,gia_công
10,gia_đình
3,giac
2,giai_đoạn
3,giam
6,gian
13,giao
23,giao_diện
3,giao_lưu
4,giao_tiếp
2,giay
3,giga
14,gigabyte
15,gigabyte_gtx
14,gio
2,gionee
9,già
7,giàu
647,giá
16,giá_cả
6,giá_mà
7,giá_như
15,giá_thành
26,giá_trị
2,giám
3,gián_điệp
2,giáng
11,giây
6,gió
4,giô
3,giùm
37,giúp
2,giúp_ích
23,giơ
10,giả
3,giả_lập
2,giả_sử
2,giải
4,giải_pháp
6,giải_quyết
4,giải_thích
32,giải_trí
43,giảm
20,giảm_giá
3,giấc
19,giấc_ngủ
3,giấu
28,giật
2,giật_giật
3,giắc
11,giọng
8,giỏi
137,giống
2,giống_hệt
7,giới
5,giới_hạn
20,giới_thiệu
238,giờ
4,giờ_đây
2,giời
26,giữ
31,giữa
2,giữa_chừng
3,giựt
2,gja
2,gl
2,glonass
2,gmail
12,go
4,goal
2,goi
4,gold
2,gold_star
9,gom
2,gon
2,goo
9,good
20,google
3,gorilla_glass
3,gpro
12,gps
8,gpu
3,gr
10,gr5
3,gray
2,groups
3,gs
6,gt
88,gtx
5,gym
4,gà
2,gà_mờ
4,gái
3,gánh
9,gây
2,gã
3,gét
442,gì
5,gía
2,gò_bó
18,góc
2,góc_cạnh
3,góp
6,góp_ý
8,gõ
2,gù
2,gơ
4,gương
13,gạch
36,gấp
2,gấu
95,gần
19,gần_như
2,gẫy
2,gập
2,gắm
41,gắn
2,gắn_bó
33,gặp
104,gọi
27,gọi_là
28,gọn
6,gọn_gàng
10,gọn_nhẹ
14,gốc
9,gồm
2,gộp
5,gớm
6,gởi
9,gỡ
2,gợi_ý
20,gửi
37,ha
8,haha
41,hai
4,haiz
2,haizz
8,ham
3,ham_hố
5,han
23,hang
5,hanh
25,hao
6,hao_hao
2,haptic
2,hard
2,haswell
434,hay
2,hay_hay
2,hay_ho
8,hay_là
19,hay_sao
49,hd
14,hdd
7,hdh
4,hdmi
6,hdr
7,he
2,headphone
3,health
13,hehe
7,het
2,heuer
7,hex
41,hi
2,hi_sinh
17,hi_vọng
20,hic
2,hiem
4,hien
7,hihi
27,hinh
6,hix
13,hiê
3,hiên
2,hiển_nhiên
78,hiển_thị
90,hiểu
3,hiểu_biết
52,hiện
8,hiện_giờ
24,hiện_nay
2,hiện_thực
9,hiện_tượng
53,hiện_tại
9,hiện_đại
2,hiệp
5,hiệu
65,hiệu_năng
17,hiệu_quả
5,hiệu_suất
10,hiệu_ứng
2,hj
3,hjc
3,hn
10,ho
8,hoa
2,hoa_lá_cành
3,hoang_mang
2,hoang_tưởng
11,hoi
8,hok
36,home
15,hon
4,hong
2,hop
11,hot
3,hotspot
2,howtogeek
21,hoài
2,hoàn
2,hoàn_chỉnh
2,hoàn_cảnh
14,hoàn_hảo
27,hoàn_thiện
28,hoàn_toàn
5,hoành_tráng
4,hoá_ra
8,hoă
29,hoạt_động
127,hoặc
22,hp
2,hq
5,hr
100,htc
2,htc10
6,html
23,http
9,https
5,hu
33,huawei
6,huawei_matebook
2,huhu
2,huong
3,huwei
2,huy_hoàng
2,huyết_áp
4,huyền_thoại
3,huống_chi
2,huỷ
7,hw
5,hy
26,hy_vọng
2,hà
4,hà_nội
3,hài
75,hài_lòng
20,hàn
338,hàng
2,hàng_hiệu
3,hàng_không
2,hàng_loạt
17,hàng_xách
5,hàng_đầu
4,hành
2,hành_hạ
2,hành_tinh
4,hành_trình
3,hào_hứng
4,hát
3,hâ
3,hâm_mộ
2,hãi
219,hãng
47,hãy
5,hét
11,hê
13,hên
2,hêt
2,hì
126,hình
2,hình_chữ_nhật
2,hình_dáng
2,hình_dạng
25,hình_như
2,hình_thành
8,hình_thức
3,hình_vuông
29,hình_ảnh
3,hí
2,hóa_ra
25,hóng
7,hô
3,hô_hào
27,hôm
13,hôm_nay
9,hôm_qua
4,hôm_sau
3,hông
8,hút
2,hă
19,hđh
11,hơ
139,hơi
2,hơi_hướng
997,hơn
27,hơn_nữa
60,hư
4,hươ
20,hướng
12,hướng_dẫn
6,hưởng
20,hạ
3,hạ_tầng
10,hại
3,hạn
11,hạn_chế
7,hạt
34,hả
4,hảng
22,hấp_dẫn
3,hầm_hố
8,hầu_hết
8,hầu_như
3,hận
3,hậu_kì
2,hậu_kỳ
2,hằng
55,hẳn
2,hẵn
2,hẵng
5,hẹn
3,hẹp
6,hẻo
243,hết
2,hết_mình
3,hết_sức
2,hết_ý
19,hề
8,hệ
5,hệ_sinh_thái
2,hệ_số
21,hệ_thống
49,hệ_điều_hành
2,hỉu
103,họ
9,học
9,học_hỏi
6,học_tập
2,họp
57,hỏi
48,hỏng
19,hối_hận
2,hối_tiếc
11,hốt
3,hồ
33,hồi
21,hồng
9,hồng_ngoại
62,hỗ_trợ
5,hộ
4,hội
11,hộp
2,hờn
10,hở
30,hợp
7,hợp_lí
44,hợp_lý
2,hợp_thời
2,hợp_ý
3,hủy
6,hứa
6,hứa_hẹn
5,hứng
5,hứng_thú
6,hữu_dụng
13,hữu_ích
17,i5
2,i607
4,i7
3,ic
3,ich
6,icloud
9,icon
5,id
2,idevice
15,ifan
2,ifans
2,ik
2,imovie
31,in
3,inbox
40,inch
2,inches
3,inh
2,instagram
10,intel
10,internet
2,ion_hoá
84,ios
205,ip
3,ip4
3,ip5
2,ip5s
5,ip6
8,ip67
2,ip68
3,ip6s
15,ip7
72,ipad
7,ipad_air
4,iphon
341,iphone
3,ipod
9,ips
2,ipx8
2,iron
5,is
4,iso
6,it
3,itunes
5,iu
2,iwownfit
6,j7
3,j8501
4,jack
9,jailbreak
4,japan
4,java
2,jbl
5,ji
5,jmp
2,jobs
2,jpeg
3,jpg
2,js9000
5,juxt
3,kaka
2,kb
13,ke
2,kekeke
4,kem
8,keo
2,kernel
2,ket
3,key
2,keyboard
20,kg
20,kha
5,kha_khá
8,khac
5,khai_thác
3,kham
2,khay
16,khe
9,khen
475,khi
5,khi_không
9,khiến
3,khiếp
3,khj
15,kho
5,khoa
2,khoa_học
15,khoe
5,khoi
19,khong
9,khoá
11,khoái
32,khoản
83,khoảng
9,khoảng_cách
2,khu_vực
14,khung
43,khuyên
4,khuyến_cáo
6,khuyến_mãi
2,khuyết
2,khuôn_mặt
172,khá
243,khác
22,khác_biệt
15,khác_gì
2,khác_lạ
24,khác_nhau
2,khác_nào
9,khách
34,khách_hàng
2,khách_quan
4,khái_niệm
6,khâu
2,khè
3,khéo
3,khía_cạnh
2,khít
64,khó
23,khó_chịu
7,khó_khăn
20,khóa
6,khóc
3,khói
3,khô
2,khôg
2,khôi_phục
3,khôn
2,khôn_ngoan
1460,không
28,không_bao_giờ
5,không_chỉ
5,không_gian
3,không_lẽ
65,không_thể
5,không_thể_nào
2,không_tài_nào
2,khùng
17,khúc
46,khả_năng
3,khả_quan
6,khẩu
4,khẩu_độ
2,khập_khiễng
4,khắc
8,khắc_phục
6,khắt_khe
4,khẳng_định
2,khỉ
7,khỏe
2,khỏe_khoắn
53,khỏi
8,khối
8,khổ
4,khổ_nỗi
2,khổ_thân
3,khổng_lồ
4,khớp
8,khởi_động
36,khủng
4,khủng_khiếp
3,khủng_long
3,khử
8,khựa
7,ki
50,kia
4,kia_mà
2,kien
4,kim
12,kim_loại
30,kinect
11,kinh
9,kinh_doanh
3,kinh_dị
2,kinh_hồn
13,kinh_khủng
15,kinh_nghiệm
2,kinh_phí
5,kinh_tế
5,kinh_điển
7,kit
3,kitkat
9,kiê
2,kiên_nhẫn
20,kiếm
3,kiến_thức
4,kiến_trúc
2,kiếng
2,kiểm_nghiệm
2,kiểm_soát
8,kiểm_tra
2,kiển
70,kiểu
42,kiểu_dáng
4,kiện
4,kiệt
2,kkk
2,klv
2,km
2,knock
853,ko
4,korea
2,ku
3,ky
5,kè_kè
33,kèm
101,kém
3,kém_cỏi
10,kéo
8,kép
2,két
11,kê
3,kênh
17,kêu
2,kì_cục
2,kì_vọng
16,kìa
4,kích
4,kích_cỡ
3,kích_hoạt
15,kích_thước
2,kín
43,kính
3,kô
2,ký
5,kĩ
2,kĩ_lưỡng
5,kẹp
7,kẹt
5,kẻ
2,kế
2,kế_hoạch
26,kết
3,kết_cấu
7,kết_hợp
4,kết_luận
93,kết_nối
17,kết_quả
3,kết_thúc
33,kể
13,kể_cả
4,kể_ra
6,kệ
3,kỉ_niệm
10,kịp
3,kịp_thời
3,kỳ
3,kỳ_vọng
2,kỷ_niệm
16,kỹ
11,kỹ_thuật
128,la
2,lac
50,lag
21,lai
14,lam
7,lan
2,lanh
2,lao
9,lap
61,laptop
10,laser
11,lau
2,launcher
17,lazada
4,lcd
3,le
2,learn
22,led
2,lei
2,leica
25,len
22,lenovo
2,lenovo_smart_cast
19,lens
2,leo
2,level
102,lg
2,lg_g
3,lg_g2
8,lg_g4
3,lg_g5
6,lg_v1
4,li
4,lien
2,lieu
8,lightning
3,lightroom
16,like
4,linh
25,linh_kiện
3,linh_tinh
7,link
2,lite
2,liê
3,liên
5,liên_hệ
4,liên_lạc
3,liên_minh
8,liên_quan
2,liên_tiếp
40,liên_tục
21,liền
2,liện
9,liệt
10,liệu
2,ll
2,lm
21,lo
2,lo_ngại
124,loa
19,load
3,loai
3,loan
10,lock
2,logi
3,logic
31,logitech
11,logo
12,loi
7,lol
2,lon
3,long
2,long_lanh
2,lost
7,love
2,low
64,loại
7,loạn
2,loạt
3,loằng_ngoằng
6,lte
10,lu
2,luc
2,lug
47,lumia
3,lumina
11,lun
3,lung_linh
8,lung_tung
8,luon
4,luong
4,luyện_tập
305,luôn
2,luộc
8,ly
2,ly_dị
1877,là
4,là_cùng
3,là_hơi
2,là_lạ
326,làm
2,làm_bằng
2,làm_cao
4,làm_chi
2,làm_chủ
3,làm_giá
65,làm_gì
2,làm_mưa_làm_gió
22,làm_sao
34,làm_việc
9,làm_ăn
2,làm_đẹp
2,làm_ơn
2,làn
11,lành
5,lá
2,lác
6,lâ
65,lâu
7,lâu_dài
6,lâu_lâu
6,lãi
2,lãng_phí
4,lê
347,lên
5,lên_mặt
2,lên_ngôi
2,lên_tay
4,lên_tiếng
2,lên_đường
8,lên_đời
2,lí_do
10,lòi
14,lòng
2,lóa
2,lót
10,lô
4,lôi
4,lõi
2,lù_đù
6,lùi
11,lúa
3,lúa_mì
141,lúc
25,lúc_nào
3,lý
21,lý_do
2,lý_thuyết
8,lă
7,lăn
11,lăn_tăn
4,lĩnh_vực
5,lơ
4,lư
2,lưa
21,lưng
16,lưu
7,lưu_trữ
6,lưu_ý
7,lươ
9,lương
35,lướt
4,lười
17,lượng
4,lượt
9,lạ
2,lạc
8,lạc_hậu
502,lại
2,lại_giống
2,lạy
2,lả
4,lấp
88,lấy
2,lấy_được
143,lần
4,lần_lượt
2,lầy
19,lẫn
4,lận
2,lập_trình
3,lật
6,lắc
2,lắc_đầu
248,lắm
5,lắng_nghe
19,lắp
3,lắp_ráp
2,lằng_nhằng
2,lặc
3,lặn
3,lặp_đi_lặp_lại
2,lặt_vặt
4,lẻ
9,lẽ
7,lệch
2,lệnh
3,lỉnh_kỉnh
6,lịch
7,lịch_lãm
2,lịch_sử
4,lọc
3,lọt
5,lỏng
3,lối
48,lồi
18,lỗ
148,lỗi
2,lỗi_lầm
8,lỗi_thời
5,lộ
2,lộ_diện
2,lộn
2,lột_xác
75,lớn
2,lớn_mạnh
15,lớp
35,lời
2,lở
11,lởm
2,lởm_khởm
14,lỡ
15,lợi
4,lợi_nhuận
2,lợi_thế
3,lợi_ích
3,lợn
3,lục
2,lụm
6,lừa
3,lựa
50,lựa_chọn
3,lỳ
3,m10
4,m185
3,m2
6,m4
3,m5
2,m505
8,m600
7,m7
2,m705
3,m8
3,m8s
126,ma
26,mac
19,macbook
5,macbook_pro
15,made
9,magic
11,mah
12,mai
2,mai_mốt
16,mail
19,main
3,mainboard
2,malware
10,man
84,mang
6,mang_tiếng
2,manh
2,mario
4,marketing
6,mat
2,mate
32,mau
27,max
36,may
5,may_mà
5,may_mắn
3,may_ra
9,mb
2,mediafire
5,mediatek
4,megapixel
6,meizu
2,men
2,menu
2,message
12,mhz
82,mi
9,mi4
5,mi5
41,mi_band
11,mi_fit
2,miban
132,miband
2,miband_ultility
7,mic
3,micro
4,microlab
45,microsoft
2,microsoft_security_essentials
2,microusb
2,mid
5,mifit
4,mih
64,minh
20,mini
3,mirrorless
3,misfit
2,misfit_shine
2,mitsumi
2,miui
2,miê
12,miếng
3,miễn
3,miễn_là
6,miễn_phí
4,miệng
17,mm
3,mmc
2,mo
6,mobi
10,mobiistar
18,mobile
2,mobista
8,mobistar
11,mod
13,model
27,moi
42,mong
6,mong_chờ
2,mong_muốn
5,mong_đợi
2,mong_ước
2,more
13,mot
2,mother
6,moto
2,motorola
11,mouse
3,moveless
6,mp
3,mpx
15,ms
9,msi
7,mtb
4,mu
1090,mua
2,multi
2,muon
4,muot
4,muô
3,muôn
3,muôn_năm
2,muôn_đời
177,muốn
2,muỗi
4,muộn
3,mv1
5,mx
2,mxq
5,my
1048,mà
19,mà_còn
14,mà_lại
9,mà_sao
53,màn
370,màn_hình
6,màng
2,mành
189,màu
2,màu_da
4,màu_mè
33,màu_sắc
4,má
8,mác
3,mái
16,mát
2,mát_mẻ
13,máu
585,máy
2,máy_bay
7,máy_chiếu
2,máy_chủ
3,máy_móc
48,máy_tính
2,máy_vi_tính
13,máy_ảnh
13,mâ
4,mâm
2,mây
20,mã
35,mãi
2,mãi_mãi
4,mèo
5,méo
3,mép
7,mét
23,mê
2,mê_hồn
7,mì
4,mìh
1328,mình
4,mía
9,móc
5,móc_túi
10,món
13,mô
9,môi_trường
2,mù
2,mùa
2,mùa_hè
2,mùa_đông
2,múa
4,múc
5,mún
11,mă
2,mĩ
33,mơ
4,mơ_ước
3,mơi
5,mư
9,mưa
2,mươ
2,mười
11,mượn
85,mượt
21,mượt_mà
5,mạ
2,mạc
4,mạch
53,mạng
80,mạnh
2,mạnh_dạn
8,mạnh_mẽ
14,mảng
104,mất
3,mất_công
4,mất_giá
3,mất_tăm
365,mấy
2,mấy_ai
3,mấy_đời
12,mầu
3,mầu_sắc
41,mẫu
6,mẫu_mã
2,mật
5,mật_khẩu
6,mật_độ
24,mắc
57,mắt
5,mặc
36,mặc_dù
13,mặc_định
108,mặt
2,mặt_bằng
4,mặt_trời
8,mẹ
2,mẻ
17,mềm
2,mềm_mại
16,mệt
3,mệt_mỏi
2,mịa
6,mịn
2,mịn_màng
108,mọi
5,mỏi
74,mỏng
4,mỏng_manh
2,mốc
4,mối
6,mống
3,mồm
3,mổ
103,mỗi
15,mỗi_tội
296,một
11,một_chút
9,một_cách
4,một_khi
2,một_nửa
37,một_số
5,một_tí
7,một_vài
3,một_ít
545,mới
11,mới_lạ
4,mới_mẻ
2,mới_phải
4,mới_rồi
2,mới_tinh
7,mới_đầu
12,mờ
2,mờ_mờ
6,mời
79,mở
8,mở_rộng
2,mợ
10,mục
2,mục_sở_thị
3,mục_tiêu
13,mục_đích
2,mụch
44,mức
4,mức_độ
3,mực
2,mỳ
41,mỹ
45,na
12,na_ná
35,nam
2,nam_giới
10,nam_tính
11,nand
7,nang
15,nao
123,nay
4,nc
4,ne
19,nen
4,neo
14,net
14,neu
6,new
6,next
2,nexus
7,nfc
268,ng
10,nga
42,ngang
8,ngang_ngửa
121,ngay
245,nghe
13,nghe_nói
2,nghe_đâu
11,nghi
2,nghi_ngờ
4,nghiem
3,nghiê
2,nghiêm
5,nghiêm_trọng
9,nghiên_cứu
2,nghiệm
2,nghiệp_dư
10,nghèo
3,nghèo_nàn
6,nghê
2,nghìn
92,nghĩ
4,nghĩ_lại
9,nghĩa
7,nghĩa_là
2,nghẽn
5,nghệ
2,nghỉ
5,nghịch
2,ngiệm
2,ngoa
8,ngoai
346,ngon
18,ngon_lành
2,ngot
99,ngoài
23,ngoài_ra
6,ngoài_trời
16,ngoại_hình
6,ngoại_lệ
4,ngoại_trừ
5,ngta
7,ngu
8,nguoi
2,nguy
3,nguy_cơ
6,nguy_hiểm
22,nguyên
3,nguyên_bản
2,nguyên_do
6,nguyên_nhân
47,nguồn
2,nguội
2,nguời
6,ngàn
178,ngày
22,ngày_càng
2,ngày_một
2,ngày_nay
5,ngày_sau
4,ngày_trước
11,ngày_xưa
9,ngán
8,ngâm
3,ngân_hàng
5,ngân_sách
2,ngó
4,ngô
6,ngôn_ngữ
2,ngũ
5,ngưng
4,ngươ
451,người
2,người_dân
3,người_già
2,người_làm
2,người_ngoài
39,người_ta
4,người_thân
2,người_việt
4,người_yêu
2,người_ở
2,ngưỡng_mộ
7,ngược
5,ngược_lại
2,ngạc_nhiên
6,ngại
4,ngả
2,ngấm
3,ngầu
2,ngẫu_nhiên
2,ngậm_ngùi
6,ngắm
5,ngắn
4,ngắt
2,ngỏm
19,ngốn
44,ngồi
5,ngộ
3,ngớ_ngẩn
3,ngờ
2,ngỡ
43,ngủ
2,ngừng
2,ngữ_cảnh
127,nh
51,nha
3,nhac
2,nhai
7,nhan
131,nhanh
3,nhanh_chóng
14,nhat
2,nhattao
94,nhau
21,nhe
19,nhi
2,nhien
6,nhieu
11,nhin
3,nhip
2,nhiu
9,nhiê
6,nhiêu
500,nhiều
4,nhiễu
19,nhiệt
9,nhiệt_độ
8,nho
21,nhu
55,nhu_cầu
2,nhueng
26,nhung
80,nhà
3,nhà_bán_lẻ
2,nhà_máy
11,nhà_sản_xuất
3,nhà_thiết_kế
10,nhàm_chán
7,nhá
25,nhái
2,nhám
2,nháy
28,nhâ
12,nhân
3,nhân_công
11,nhân_viên
2,nhât
2,nhãn_hiệu
189,nhé
8,nhét
3,nhê
330,nhìn
6,nhìn_chung
3,nhìn_nhận
2,nhình
10,nhìu
2,nhích
5,nhòe
5,nhóm
12,nhôm
2,nhùi
4,nhă
5,nhơ
571,như
2,như_không
3,như_là
4,như_thường
21,như_thế
20,như_thế_nào
12,như_thế_này
66,như_vậy
2,như_ý
3,nhưg
664,nhưng
26,nhưng_mà
19,nhược_điểm
67,nhạc
2,nhạc_vàng
3,nhạt
2,nhạt_nhẽo
10,nhạy
5,nhảy
7,nhấn
259,nhất
56,nhất_là
4,nhất_thiết
14,nhất_định
20,nhầm
2,nhầm_lẫn
62,nhận
5,nhận_biết
5,nhận_diện
12,nhận_xét
18,nhập
52,nhật
2,nhật_bản
6,nhắc
2,nhắc_nhở
4,nhắm
2,nhắm_mắt
51,nhắn
16,nhắn_tin
7,nhằm
42,nhẹ
4,nhẹ_nhàng
2,nhẹ_tay
2,nhẽ
4,nhẽo
4,nhể
2,nhễ
165,nhỉ
2,nhỉn
3,nhỉnh
2,nhịn
70,nhịp
2,nhọ
91,nhỏ
3,nhỏ_nhắn
3,nhỏ_nhẹ
2,nhỏ_xíu
72,nhớ
22,nhờ
3,nhờ_vả
2,nhở
2,nhỡ
3,nhợt_nhạt
251,những
10,những_ai
26,nhựa
5,nikon
2,nintendo
3,niềm
2,niềm_tin
43,no
14,noi
49,nokia
4,nokia1202
2,nong
11,not
249,note
4,note3
9,note5
8,note7
3,noti
5,notification
2,ns
4,nt
2,ntd
10,ntn
2,ntsc
7,nua
4,number
2,nuoc
2,nut
25,nvidia
337,nào
3,nào_hay
6,nào_là
9,nào_đó
988,này
14,này_nọ
5,nát
29,nâng
69,nâng_cấp
3,não
28,nè
12,ném
6,nén
58,nét
8,nê
537,nên
2,nên_người
802,nó
3,nóc
276,nói
82,nói_chung
3,nói_chuyện
11,nói_gì
2,nói_gì_thì_nói
4,nói_riêng
3,nói_thẳng
2,nói_xấu
54,nóng
7,nô
3,nôm_na
75,nút
6,nă
2,năg
311,năm
8,năm_ngoái
2,năm_tháng
8,năng
3,năng_lượng
10,nơi
9,nư
4,nươ
107,nước
2,nước_lớn
2,nước_miếng
7,nước_ngoài
2,nướng
2,nạn_nhân
22,nản
2,nấc
2,nấm
2,nấy
3,nầy
2,nắm
9,nắng
11,nắp
20,nằm
48,nặng
3,nặng_nề
352,nếu
21,nếu_không
3,nếu_mà
3,nếu_như
3,nếu_vậy
14,nền
5,nền_tảng
2,nể
2,nịnh
4,nọ
6,nối
2,nốt
2,nổ
53,nổi
11,nổi_bật
6,nổi_tiếng
2,nổi_trội
2,nỗ_lực
7,nỗi
15,nội_dung
2,nội_thất
2,nội_địa
2,nợ
4,nứt
22,nửa
3,nửa_vời
2,nữ
5,nữ_tính
326,nữa
18,nữa_là
2,nực_cười
2,oai
2,obama
16,obi
8,oc
12,of
5,off
4,office
2,offline
2,ofice
4,oh
3,oi
2,ois
156,ok
6,oke
3,okie
19,oled
5,olympus
16,on
20,one
2,one_plus
6,online
2,only
2,onscreen
2,opera
78,oppo
2,optimus
8,or
3,order
38,os
2,ota
2,out
2,overclock
3,overwatch
2,oy
2,p02e
3,p03e
2,p7
2,p8
4,p9
2,p910i
14,pad
7,pair
2,pana
13,panasonic
3,pascal
5,pass
12,passport
3,pay
2,pb
15,pc
3,pci
5,pebble
3,pen
2,pentax
21,pha
21,phai
2,pham
8,phan
2,phang
2,phanh
8,phi
3,philip
7,philips
53,phim
2,phim_truyện
2,phiên
43,phiên_bản
2,phiền
2,phiền_phức
7,pho
142,phone
9,phong
15,phong_cách
2,phong_cảnh
2,phong_phú
4,phong_trào
6,photoshop
6,phu
14,phà
8,phàn_nàn
4,phá
2,phá_cách
3,phá_sản
19,phán
37,phát
3,phát_biểu
9,phát_hiện
3,phát_huy
5,phát_hành
3,phát_minh
2,phát_sinh
30,phát_triển
18,phâ
21,phân
19,phân_biệt
2,phân_loại
8,phân_phối
3,phân_tích
7,phân_vân
3,phép
2,phét
15,phê
28,phí
23,phía
42,phím
22,phòng
8,phóng
4,phôn
31,phù_hợp
15,phút
9,phơi
5,phương
2,phạm_vi
550,phải
5,phải_biết
6,phải_chi
6,phải_chăng
4,phải_cái
7,phản_hồi
2,phấn_khích
2,phầm
66,phần
41,phần_cứng
11,phần_lớn
99,phần_mềm
2,phần_nào
28,phẩm
9,phẳng
9,phết
2,phỉa
3,phốt
3,phổ_biến
2,phổ_cập
18,phổ_thông
12,phụ
12,phụ_kiện
8,phụ_thuộc
2,phụ_trợ
18,phục_vụ
4,phủ
5,phức_tạp
3,pic
2,pikachu
535,pin
4,pixel
5,play
3,play_store
2,playstation
62,plus
5,pm
12,pm1633a
2,po
3,pokemon
2,pokemon_go
8,polar
2,polaris
4,polished
2,port
7,post
2,power
5,pp
10,pr
2,prada
4,premium
10,prime
2,primex
5,priv
55,pro
2,probook
11,ps
7,ps4
3,pulse
2,push
2,pải
7,q10
3,qa
2,qc
7,qhd
4,qihoo
2,qoài
2,qsd
3,qu
231,qua
2,qua_lại
2,qualcomm
4,quan
54,quan_trọng
37,quan_tâm
9,quan_điểm
2,quang
2,quanh
2,quanh_đi_quẩn_lại
41,quay
12,quay_phim
2,que
19,quen
2,quet
2,quote
5,quy_định
2,quy_đổi
2,quyê
5,quyết
21,quyết_định
5,quyền
2,quà
907,quá
2,quá_khổ
3,quá_trình
5,quá_trời
2,quá_đẹp
2,quá_ư
6,quái
2,quái_vật
7,quán
7,quãng
17,quét
7,quê
17,quên
2,quô
3,quý
3,quăng
3,quăng_quật
3,quơ
2,quạ
9,quạt
24,quả
4,quả_là
3,quả_thật
3,quản
9,quản_lý
37,quảng_cáo
20,quất
17,quần
2,quần_đùi
2,quật
3,quẹt
28,quốc
3,quốc_gia
10,quốc_tế
2,qwerty
3,qá
5,qúa
2,r1
4,r7
2,r9
507,ra
4,ra_gì
5,ra_hồn
29,ra_mắt
12,ra_sao
5,ra_đi
2,ra_điều
12,ra_đời
9,radeon
2,raid
182,ram
2,ram_ddr4
4,ran
4,rao
26,rat
10,raw
16,re
3,ready
3,reboot
2,receiver
3,reciver
2,recovery
12,redmi
2,redmi_note
4,ref
3,remote
3,render
7,repeater
3,reply
2,report
3,res
8,reset
3,restart
4,restore
2,retina
19,review
2,reviews
2,rgb
3,rim
3,rise
55,riêng
2,riêng_biệt
5,riết
2,rmn
3,ro
22,roi
51,rom
5,romoss
8,room
18,root
2,rot
6,roài
2,ru
4,rui
7,run
58,rung
2,ruoc
2,rut
56,rx
3,rx460
2,ryu
4,rà
10,rành
12,rác
2,rách
14,ráng
2,ráo
14,râ
7,rè
3,rê
3,rò_rỉ
3,ròi
18,rô
51,rõ
11,rõ_ràng
7,rùa
29,rùi
17,rút
4,răng
3,răng_cưa
22,rơi
4,rơi_rớt
9,rước
4,rườm_rà
6,rưỡi
5,rạp
3,rảnh
567,rất
3,rầm_rầm
3,rầm_rộ
3,rắc_rối
29,rằng
196,rẻ
16,rẻ_tiền
7,rẽ
2,rễ
2,rỏ
3,rối
818,rồi
2,rổ
23,rộng
2,rộng_rãi
2,rớ
19,rớt
2,rớt_giá
9,rời
3,rụng
2,rủi_ro
8,rửa
4,rực_rỡ
4,s2
9,s3
2,s307
6,s4
5,s5
28,s6
68,s7
11,s7e
2,s7edge
2,s_pen
25,sa
5,sac
3,sag
24,sai
9,sai_lầm
2,sai_số
90,sam
6,same
3,samfan
328,samsung
3,san
96,sang
4,sang_năm
19,sang_trọng
9,sanh
2,sanyo
244,sao
4,sao_chép
4,sapphire
220,sau
22,sau_này
2,savijsc
2,say
2,say_xỉn
4,sb
3,sc
4,scroll
17,sd
36,se
2,seagate
2,seal
7,search
2,security
15,selfie
2,sennheiser
2,sensor
2,sequence
3,seri
12,series
2,set
12,setting
5,sf1
13,sh
2,sh01g
6,share
2,sharing
14,sharp
3,shield
12,ship
2,shit
9,shop
3,show
82,sim
3,sin
2,sing
2,sinh
4,sinh_viên
2,siri
50,siêu
6,siêu_thị
6,sky
3,skylake
9,sleep
5,sli
2,slogan
3,smarphone
48,smart
2,smartband
81,smartphone
26,smartwatch
8,smp
10,sms
15,smw
4,snap
6,snapdragon
187,so
63,so_sánh
2,soc
2,soft
4,softbank
2,soi
2,solid
9,song
5,song_song
2,soni
243,sony
2,sony_xperia
2,sound
3,soundmax
2,soắn
26,sp
3,space
2,spam
2,specialist
3,spectre
4,spen
2,splus
11,sport
3,spyware
99,ss
39,ssd
2,stack
3,stainless
4,star
2,start
2,state
4,steel
6,steve_jobs
2,stick
3,storage
6,store
3,strava
4,stream
2,strix_oc
5,style
6,su
3,sua
3,sub
2,suface
3,suhd
40,sung
2,sung_sướng
2,suong
3,super
13,support
22,surface
2,surface_book
3,surface_pro
15,suy_nghĩ
13,suốt
3,sv
3,svhouse
12,sw
2,switch
2,swype
16,sx
4,sync
97,sài
2,sài_gòn
2,sàm
2,sành_sỏi
2,sành_điệu
13,sách
3,sámung
104,sáng
19,sáng_tạo
3,sánh
11,sát
5,sâu
43,sóng
2,sóng_gió
9,sóng_sánh
8,sô
2,sông
5,să
2,sđt
2,sĩ_diện
9,sơ
2,sơ_sơ
2,sơm
5,sơn
7,sư
3,sưu_tầm
3,sưu_tập
2,sươ
7,sương
45,sướng
2,sướt
145,sạc
5,sạch
3,sản
153,sản_phẩm
47,sản_xuất
4,sấu
13,sắc
3,sắc_sảo
4,sắc_đẹp
23,sắm
27,sắp
4,sắt
18,sẵn
2,sẵn_sàng
2,sẻ
449,sẽ
4,sếp
2,sọc
2,sọt
94,số
2,số_liệu
3,số_lượng
16,sống
3,sống_nhăn
2,sống_động
2,sốt_ruột
34,sớm
3,sờ
5,sở
20,sở_hữu
7,sở_thích
41,sợ
6,sụt
8,sức
6,sức_khoẻ
15,sức_khỏe
13,sức_mạnh
5,sử
197,sử_dụng
26,sửa
14,sửa_chữa
5,sữa
90,sự
3,sự_thật
3,sỹ
3,t2
2,t450
3,t_
43,ta
8,tab
2,table
14,tablet
2,tag
19,tai
34,tai_nghe
10,tam
7,tan
2,tan_nát
4,tao
2,taxi
223,tay
5,tay_cầm
2,tay_không
2,tay_phải
2,tay_trên
14,tb
3,tcl
21,tcs
4,te
3,tech
2,techpowerup
3,tem
9,ten
2,tencent
4,teo
38,test
2,tflops
6,tg
2,tgdd
2,tgdđ
2,th
4,tha
9,tha_hồ
6,tham
2,tham_chiếu
5,tham_gia
15,tham_khảo
2,tham_vọng
5,than
4,thang
17,thanh
2,thanh_lý
5,thanh_niên
14,thanh_toán
2,thanhk
3,thank
10,thanks
15,thao_tác
8,that
104,thay
14,thay_thế
14,thay_vì
50,thay_đổi
36,the
3,theatre
3,thegioididong
5,them
2,themes
176,theo
37,theo_dõi
136,thi
2,thi_thoảng
2,thic
17,thich
8,thiet
4,thieu
7,thik
5,thinkpad
2,thix
3,thiê
2,thiên
3,thiên_hạ
2,thiên_vị
5,thiết
45,thiết_bị
251,thiết_kế
4,thiết_lập
4,thiết_nghĩ
6,thiết_thực
36,thiếu
2,thiếu_gì
3,thiểu_số
4,thiện_cảm
20,thiệt
3,thk
10,thoa
4,thoai
14,thoi
6,thong
2,thoáng
11,thoát
4,thoại
27,thoải_mái
2,thread
3,threads
11,thu
3,thu_hút
6,thu_nhập
2,thu_thập
91,thua
3,thua_kém
2,thua_lỗ
3,thuc
15,thui
6,thuong
5,thuyết_phục
6,thuê
7,thuận_tiện
6,thuật_toán
5,thuế
10,thuộc
3,thuở
20,thà
38,thành
18,thành_công
2,thành_phần
5,thành_phẩm
2,thành_quả
2,thái_độ
106,tháng
22,thánh
23,tháo
35,thâ
2,thâm
10,thân
9,thân_thiện
4,thây
2,thâys
17,thèm
4,thép
15,thê
2,thê_thảm
197,thêm
1729,thì
33,thì_có
6,thì_giờ
9,thì_là
36,thì_phải
10,thì_sao
11,thì_thôi
291,thích
10,thích_hợp
10,thím
5,thói_quen
18,thô
2,thô_thiển
490,thôi
8,thôi_thì
10,thông
55,thông_báo
7,thông_dụng
35,thông_minh
9,thông_qua
23,thông_số
2,thông_thái
13,thông_thường
48,thông_tin
2,thùng
8,thú_vị
2,thăm_dò
8,thơ
2,thơm
15,thư
2,thư_ký
6,thưa
2,thưc
7,thươ
5,thương
2,thương_gia
51,thương_hiệu
44,thường
2,thường_lệ
2,thường_trực
18,thường_xuyên
2,thưởng
8,thưởng_thức
5,thảm_hại
3,thảm_họa
2,thấm
61,thấp
4,thất
18,thất_bại
47,thất_vọng
656,thấy
12,thần_thánh
3,thần_thánh_hóa
2,thầy
5,thẩm_mỹ
22,thậm_chí
3,thậm_tệ
2,thập_kỷ
213,thật
19,thật_là
8,thật_ra
42,thật_sự
11,thắc_mắc
3,thắt_cổ
36,thằng
9,thẳng
40,thẻ
140,thế
57,thế_giới
35,thế_hệ
18,thế_là
15,thế_mà
63,thế_nào
35,thế_này
11,thế_thì
6,thề
28,thể
3,thể_dục
18,thể_hiện
4,thể_loại
4,thể_nào
12,thể_thao
12,thỉnh_thoảng
2,thị_hiếu
3,thị_phần
31,thị_trường
2,thịt
2,thọt
4,thỏa_mãn
2,thổi
11,thớt
41,thời
3,thời_buổi
86,thời_gian
2,thời_kỳ
24,thời_lượng
3,thời_thượng
6,thời_tiết
7,thời_trang
20,thời_điểm
2,thời_đại
2,thở
3,thợ
2,thụt
2,thụt_lùi
2,thụy
5,thủ
2,thủa
94,thứ
2,thứ_ba
5,thứ_hai
2,thứ_tự
4,thức
17,thừa
5,thừa_thãi
3,thừa_thải
105,thử
2,thử_hỏi
9,thử_nghiệm
20,thực
4,thực_chất
8,thực_hiện
2,thực_hư
9,thực_ra
33,thực_sự
40,thực_tế
20,ti
3,ti_vi
2,tia
10,tien
3,tieng
3,tiger
67,tim
5,tim_cook
5,time
2,time_spy
112,tin
4,tin_cậy
4,tin_dùng
3,tin_tưởng
3,tin_tức
2,tin_vui
8,tinh
2,tinh_chỉnh
3,tinh_thần
21,tinh_tế
6,tinhte
4,tissot
5,titan
62,tivi
2,tizen
19,tiê
5,tiên
5,tiêu
11,tiêu_chuẩn
8,tiêu_chí
3,tiêu_cự
2,tiêu_cực
28,tiêu_dùng
2,tiêu_hao
7,tiêu_thụ
37,tiếc
8,tiến
2,tiến_bộ
61,tiếng
5,tiếng_là
2,tiếng_việt
20,tiếp
3,tiếp_cận
4,tiếp_theo
13,tiếp_tục
5,tiếp_xúc
23,tiết_kiệm
2,tiềm_năng
235,tiền
3,tiền_của
6,tiền_nào_của_nấy
2,tiền_nào_của_ấy
7,tiệm
32,tiện
11,tiện_dụng
23,tiện_lợi
10,tiện_ích
2,tjij
4,tk
3,tks
5,tn
99,to
2,to_lớn
2,to_nhỏ
4,toa
3,toan
17,toi
2,tomb_raider
2,tone
4,top
16,topic
10,toshiba
15,tot
4,total
3,total_security
16,touch
2,touchpal
2,toài
79,toàn
13,toàn_bộ
3,toàn_cầu
4,toàn_diện
9,toàn_tập
2,toác
2,toẹt
88,tq
38,tr
3,tra
6,tracking
5,trai
25,trang
28,trang_bị
2,trang_chủ
5,trang_trí
3,trang_web
2,tranh
2,tranh_luận
2,trao_đổi
18,trc
8,tren
11,treo
6,trieu
2,trinh
5,triê
124,triệu
3,tro
3,trog
2,troi
2,troll
346,trong
4,trong_suốt
1,trong_sáng
3,trong_trẻo
1,trong_veo
1,tru
1,trua
2,truc
1,true_audio
1,truehd
73,trung
13,trung_bình
2,trung_niên
1,trung_quoc
20,trung_quốc
11,trung_thành
4,trung_thực
9,trung_tâm
1,trung_tâm_apple
2,truoc
1,trust
4,truy_cập
4,truy_xuất
4,truyền
2,truyền_hình
1,truyền_thông
9,truyền_thống
2,trà
5,tràn
4,trách
15,trái
20,tránh
2,trân_trọng
48,trâu
5,trâu_bò
391,trên
6,trên_dưới
4,trình
6,trình_duyệt
2,trình_độ
12,trò
7,trò_chơi
14,tròn
11,tróc
22,trông
2,trùm
5,trúng
4,tră
10,trăm
2,trăm_nghìn
6,trơ
4,trơn
4,trơn_tru
3,trư
5,trưa
1,trưng
2,trưng_bày
3,trươ
1,trươc
196,trước
2,trước_hết
6,trước_kia
1,trước_mắt
1,trước_tết
15,trước_đây
1,trường
4,trường_hợp
1,trường_phái
1,trưởng
1,trượt_giá
1,trạm
2,trạng
4,trạng_thái
19,trả
3,trả_góp
28,trả_lời
6,trải
71,trải_nghiệm
2,trầm
1,trầm_trồ
3,trần
13,trầy
3,trầy_xước
1,trật_tự
16,trắng
2,trắng_trợn
1,trặc
13,trẻ
3,trẻ_con
1,trẻ_em
1,trẽo
6,trễ
1,trệt
1,trị
1,trọn
2,trọn_gói
1,trọn_vẹn
2,trọng
5,trọng_lượng
2,trọng_tâm
1,trốn
10,trống
2,trội
2,trộm
1,trộn
2,trớt
56,trời
1,trời_đất_ơi
5,trời_ơi
4,trở
13,trở_lên
11,trở_lại
1,trở_mình
1,trở_ngại
5,trở_nên
8,trở_thành
5,trở_về
2,trợ
5,trụ
3,trục_trặc
34,trừ
2,trực_quan
17,trực_tiếp
4,trực_tuyến
2,ttbh
10,tu
2,tuc
45,tui
12,tung
4,tung_hô
3,tuong
20,tuy
41,tuy_nhiên
2,tuy_vậy
3,tuyet
10,tuyê
5,tuyên_bố
65,tuyệt
5,tuyệt_phẩm
2,tuyệt_thế
105,tuyệt_vời
5,tuyệt_đối
3,tuấn
29,tuần
2,tuốt
13,tuổi
7,tuổi_thọ
8,tuột
9,tuỳ
90,tv
2,tv_led
4,tweak
2,twitter
2,ty
2,type
7,tài
8,tài_chính
9,tài_khoản
3,tài_nguyên
3,tàn
7,tào_lao
26,tàu
13,tác_dụng
2,tác_vụ
3,tác_động
2,tách_bạch
3,tái
54,táo
7,tâ
2,tâm_sự
3,tây
2,tê
37,tên
2,tì
40,tìm
13,tìm_hiểu
2,tìm_kiếm
4,tình
4,tình_hình
14,tình_trạng
3,tình_yêu
40,tí
2,tích
3,tích_cực
2,tích_góp
25,tích_hợp
11,tím
3,tín_hiệu
5,tín_đồ
89,tính
3,tính_chất
146,tính_năng
6,tính_toán
2,tít
2,tò_mò
10,tóm_lại
23,tô
413,tôi
4,tông
3,tôt
3,tù
6,tùm_lum
3,tùng
42,tùy
2,tùy_thuộc
23,túi
6,túi_tiền
2,túm
13,tý
2,tă
54,tăng
2,tăng_giá
4,tơ
18,tư
2,tư_bản
2,tư_tưởng
6,tư_vấn
5,tươ
5,tươi
5,tương
19,tương_lai
4,tương_phản
2,tương_quan
14,tương_thích
3,tương_tác
12,tương_tự
3,tương_xứng
16,tương_đương
10,tương_đối
5,tường
33,tưởng
4,tưởng_tượng
66,tại
4,tại_chỗ
2,tại_gia
20,tại_sao
20,tạm
5,tạm_thời
33,tạo
6,tả
30,tải
16,tản
27,tấm
2,tấn
35,tất_cả
18,tất_nhiên
187,tầm
2,tầm_cỡ
3,tầm_thường
2,tầm_tầm
7,tần_số
5,tầng
2,tầu
2,tẩy
3,tẩy_chay
19,tận
2,tận_dụng
19,tập
4,tập_luyện
6,tập_thể_dục
6,tập_trung
4,tập_đoàn
9,tậu
4,tắm
40,tắt
14,tặng
2,tẹo
3,tẹt
2,tế
7,tết
62,tệ
5,tệ_hại
7,tỉ
6,tỉ_lệ
3,tỉnh
2,tị
2,tịt
2,tốc
37,tốc_độ
17,tối
2,tối_giản
3,tối_ngày
2,tối_qua
5,tối_thiểu
7,tối_đa
25,tối_ưu
2,tối_ưu_hóa
29,tốn
5,tốn_kém
436,tốt
6,tồi
2,tồi_tệ
4,tổ_chức
5,tổng
2,tổng_hợp
12,tổng_thể
3,tội
14,tớ
137,tới
2,tởm
2,tởn
2,tục
5,tụi
12,tụt
2,tụt_hậu
3,tủ
7,tức
10,tức_là
300,từ
3,từ_bỏ
3,từ_chối
2,từ_ngữ
2,từ_thiện
3,từ_từ
53,từng
2,tử
49,tự
4,tự_dưng
6,tự_hào
16,tự_nhiên
5,tự_tin
21,tự_động
4,tựa
9,tỷ
2,ua
2,uber
3,uh
2,uhm
3,ui
2,ultra
3,ultrabook
2,ung
2,universal
19,unlock
5,unpair
48,up
34,update
2,upgrade
5,upload
6,uploaded
2,uprom
4,us
4,usa
20,usb
13,usd
2,used
2,user
3,userbenchmark
2,usp
3,ux303
3,uy
6,uy_tín
2,uốn
5,uống
7,v10
2,v2
3,v3
2,v8
63,va
3,va_đập
2,vai
3,vai_trò
11,van
3,vao
3,vat
7,vay
2,vay_mượn
9,vd
17,ve
3,ver
3,verizon
8,vertu
17,vga
3,vhr
33,vi
2,vi_tính
2,vi_vu
4,viber
18,video
16,vidonn
2,viec
3,vien
6,viet
5,vietnam
5,viettel
5,view
2,vina
10,virus
6,virut
2,vittran
3,vivosmart
6,viê
13,viên
32,viết
67,viền
3,viễn_thông
2,viễn_tưởng
76,việc
4,việc_gì
2,viện
59,việt
45,việt_nam
2,vl
121,vn
2,vngeek
3,vnđ
11,vo
13,voi
2,voice
6,volume
10,vong
8,vote
2,voucher
2,vr
63,vs
3,vu
5,vua
18,vui
3,vui_lòng
5,vui_vẻ
14,vulkan
2,vung
3,vuot
4,vuông
11,vuốt
5,vv
1158,và
89,vài
37,vàng
311,vào
5,vào_khoảng
3,vá
10,vác
24,vâ
42,vân
12,vâng
3,vã
26,vãi
3,vãn
2,vèo_vèo
2,vé
19,vê
344,vì
6,vì_thế
11,vì_vậy
7,ví
16,ví_dụ
2,vít
5,vòm
59,vòng
8,vòng_tay
52,vô
7,vô_cùng
5,vô_dụng
2,vô_lý
2,vô_nghĩa
5,vô_tình
8,vô_tư
4,vô_địch
2,vù_vù
10,vùng
4,vút
8,văn_phòng
2,vĩ_đại
5,vĩnh_biệt
2,vũ_trụ
22,vơ
3,vơi
5,vư
2,vươn
4,vướng
2,vướng_víu
8,vượt
2,vượt_bậc
7,vượt_trội
2,vạch
2,vạn
3,vạy
54,vấn_đề
4,vầy
6,vẩn
479,vẫn
2,vận_chuyển
2,vận_tốc
8,vận_động
6,vật
4,vật_liệu
5,vật_lý
2,vật_vã
218,vậy
15,vậy_là
21,vậy_mà
3,vậy_sao
7,vậy_thì
2,vắt
12,vặt
5,vẻ
8,vẽ
3,vết
475,về
2,vệt
7,vị_trí
4,vịt
10,vọc
2,vọc_vạch
41,vỏ
11,vốn
4,vội
5,vớ_vẩn
879,với
7,với_lại
3,vời
21,vỡ
21,vợ
2,vợ_chồng
24,vụ
20,vứt
153,vừa
6,vừa_phải
2,vừa_rồi
2,vừa_vặn
4,vực
12,wa
3,wacom
3,war
37,watch
2,way
3,wd
5,we
45,web
2,wf
4,whatsapp
2,wide
53,wifi
5,wiko
37,win
6,windforce
4,window
3,windown
53,windows
2,windows_defender
2,windows_hello
6,windows_phone
3,windowsphone
2,wink0st
8,winphone
7,with
5,wm
2,wm6
2,word
3,wow
31,wp
5,wp8
2,wr
13,www
3,wá
3,x6
2,x60
2,x6s
2,x99
73,xa
2,xa_vời
2,xach
16,xai
43,xanh
2,xanh_lè
8,xau
23,xbox
18,xbox_one
23,xe
2,xe2s
7,xe_máy
257,xem
10,xem_lại
2,xem_ra
2,xh
4,xi
134,xiaomi
3,xiaomi_mi
3,xiaomi_miband
37,xin
9,xin_lỗi
2,xin_phép
2,xinh
2,xinh_xinh
2,xiu
4,xiền
3,xl
2,xmax
6,xoay
96,xong
2,xornet
4,xoá
5,xp
7,xperia
3,xpiaria
2,xpro
6,xps
2,xr
3,xt
2,xt1
5,xtreme
3,xu
7,xu_hướng
3,xu_thế
15,xui
20,xung
3,xung_quanh
2,xuong
5,xuyên
2,xuâ
2,xuân_vũ
2,xuô
8,xuất
14,xuất_hiện
9,xuất_sắc
4,xuất_xưởng
54,xuống
2,xuống_cấp
2,xuống_dốc
3,xuống_mã
5,xv
472,xài
2,xàj
6,xào
3,xào_mì
3,xác
7,xác_nhận
9,xác_định
37,xách
3,xám
6,xâ
2,xây
3,xã_hội
2,xèng
11,xét
13,xíu
3,xó
22,xóa
7,xót
13,xúc
16,xưa
27,xước
11,xạc
4,xả
5,xảy_ra
2,xấp_xỉ
177,xấu
2,xấu_xí
7,xếp
4,xếp_hàng
2,xỉ
17,xịn
7,xứng
8,xứng_đáng
3,xử_lí
14,xử_lý
16,y_chang
2,y_hệt
13,y_như
2,yahoo
5,yeu
2,yoga
3,you
3,your
16,youtube
4,yê
5,yên
18,yên_tâm
39,yêu
2,yêu_black
11,yêu_cầu
2,yêu_mến
9,yêu_thích
61,yếu
3,yếu_tố
2,yếu_xìu
6,z1
2,z10
2,z2
20,z3
4,z30
17,z5
2,z_ultra
9,zalo
2,zay
57,zen
7,zen2
2,zen_laser
6,zenbook
60,zenfone
2,zenfone2
11,zenphone
3,zeroner
3,zin
2,zing
7,zoom
5,zotac
2,zte
2,zời
2,àk
3,ào_ào
2,ác
13,ám
3,ám_ảnh
5,ánh
9,ánh_sáng
6,áo
2,áo_rộng
2,áp
3,áp_dụng
17,âm
6,âm_lượng
4,âm_nhạc
54,âm_thanh
2,âu
4,éo
12,ép
7,êm
2,ình
113,ít
7,ít_nhất
8,ít_ra
2,òi
2,ô_tô
30,ôi
14,ôm
57,ông
2,úc
4,úp
35,ý_kiến
3,ý_muốn
43,ý_tưởng
12,ý_định
47,ăn
2,ăn_chơi
5,ăn_cắp
3,ăn_theo
2,ăn_thua
9,ăn_đứt
8,ăng
32,đa
2,đa_dạng
4,đa_dụng
8,đa_nhiệm
5,đa_năng
8,đa_phần
17,đa_số
8,đag
9,đam_mê
450,đang
4,đau
238,đc
19,đe
43,đem
42,đen
2,đen_trắng
119,đeo
2,đep
5,đh
405,đi
3,đi_chăng_nữa
2,đi_lại
11,đi_nữa
9,đi_sau
2,đi_đôi
3,đinh
18,điê
17,điên
3,điên_rồ
2,điền_kinh
62,điều
7,điều_chỉnh
10,điều_khiển
16,điều_kiện
69,điểm
1,điểm_danh
9,điểm_ảnh
4,điển_hình
29,điện
2,điện_máy
5,điện_năng
212,điện_thoại
3,điện_toán
20,điện_tử
3,đk
102,đo
3,đoán
4,đoạn
157,đt
14,đu
9,đua
3,đun
2,đung
3,đuối
2,đx
5,đài
4,đài_loan
3,đàn_anh
2,đàn_em
3,đàn_ông
3,đàng_hoàng
10,đành
3,đào
19,đá
17,đám
71,đáng
4,đáng_kể
2,đáng_lẽ
2,đáng_ra
13,đánh
3,đánh_bóng
2,đánh_bại
3,đánh_dấu
55,đánh_giá
4,đánh_đổi
26,đáp_ứng
12,đâ
4,đâm
247,đâu
3,đâu_đó
230,đây
536,đã
4,đã_vậy
49,đèn
2,đèn_vàng
2,đéo
4,đét
21,đê
3,đê_tiện
23,đêm
2,đên
3,đình_đám
2,đích
2,đích_thực
2,đính_chính
4,đít
16,đòi
9,đòi_hỏi
423,đó
2,đón
2,đón_đầu
3,đóng
2,đóng_gói
3,đóng_góp
19,đô
2,đô_la
20,đôi
2,đôi_chút
7,đôi_khi
4,đôi_lúc
12,đông
4,đùa
2,đùn
3,đú
176,đúng
2,đúng_ra
3,đút
3,đút_túi
9,đă
3,đăng
2,đăng_kí
3,đăng_ký
2,đăng_nhập
4,đĩa
2,đĩa_cứng
34,đơ
5,đơn
52,đơn_giản
4,đơn_thuần
3,đơn_vị
2,đơn_điệu
3,đư
50,đưa
2,đưt
15,đươ
4,đươc
9,đương_nhiên
36,đường
2,đường_chéo
2,đường_huyết
868,được
26,được_cái
4,đại
2,đại_ca
2,đại_gia
2,đại_khái
3,đạp
23,đạt
2,đả
17,đảm_bảo
2,đảo
4,đất
3,đấu
104,đấy
2,đần
73,đầu
30,đầu_tiên
17,đầu_tư
2,đầu_vào
34,đầy
23,đầy_đủ
13,đẩy
2,đẩy_mạnh
2,đậm
27,đập
2,đậu
3,đắc
2,đắn_đo
6,đắng
2,đắp
80,đắt
5,đắt_đỏ
2,đằng
55,đẳng_cấp
2,đặc
41,đặc_biệt
8,đặc_sắc
5,đặc_trưng
4,đặc_điểm
55,đặt
6,đặt_hàng
579,đẹp
2,đẹp_trai
2,đẹp_đẽ
6,đẻ
5,đế
17,đếm
316,đến
3,đến_nỗi
4,đề
4,đề_cập
116,đều
596,để
7,để_dành
14,để_ý
6,đểu
37,đỉnh
8,đỉnh_cao
3,địa_chỉ
26,định
4,định_giá
5,định_hướng
3,định_mức
4,định_nghĩa
3,định_vị
3,đọ
107,đọc
9,đỏ
2,đỏi
4,đố
15,đối
2,đối_kháng
21,đối_thủ
9,đối_tượng
25,đối_với
5,đống
3,đốt
45,đồ
6,đồ_chơi
12,đồ_hoạ
12,đồ_họa
1,đồ_nhật_bản
1,đồ_ăn
1,đồ_đạc
4,đồn
22,đồng
21,đồng_bộ
1,đồng_chí
76,đồng_hồ
2,đồng_nghiệp
1,đồng_nghĩa
3,đồng_thời
12,đồng_tiền
7,đồng_tiền_bát_gạo
11,đồng_ý
1,đồng_đều
10,đổ
1,đổ_xô
73,đổi
8,đổi_mới
86,độ
7,độ_chính_xác
24,độ_phân_giải
20,độc
2,độc_giả
6,độc_lập
5,độc_quyền
6,độc_đáo
8,đội
2,đội_giá
1,độn
3,động
2,động_thái
47,đột_phá
4,đột_tử
70,đời
4,đời_mới
3,đời_nào
7,đời_đầu
33,đỡ
45,đợi
13,đợt
3,đụng
139,đủ
17,đứa
3,đức
17,đứng
4,đứt
2,đứt_quãng
80,đừng
2,đựng
2,đựoc
61,ơi
2,ơi_là
5,ưa
6,ưa_chuộng
2,ưa_thích
4,ưng
12,ưng_ý
2,ưu_tiên
2,ưu_việt
10,ưu_điểm
7,ước
2,ước_mơ
2,ướt
2,ản
153,ảnh
12,ảnh_hưởng
28,ảo
10,ảo_tưởng
5,ấm
15,ấn
18,ấn_tượng
70,ấy
2,ấy_là
6,ầm_ầm
2,ầy
5,ẩn
4,ẻm
2,ẻo_lả
6,ọp_ẹp
4,ọt
3,ối
17,ống
18,ống_kính
11,ốp
4,ồn
5,ổ_cắm
15,ổ_cứng
2,ổ_đĩa
119,ổn
55,ổn_định
4,ổng
3,ớn
5,ủa
16,ủng_hộ
2,ức
9,ức_chế
2,ứng
116,ứng_dụng
2,ực
